"","LD1","LD2","1","2","3"
"ALKR1_ALKR1",-2.76919013226942,-2.65992591506724,1,0,0
"ALKR3_ALKR3",-4.85180153806013,-4.56669747356363,1,0,0
"ALKR5_ALKR5",-3.39505815459673,-4.09300814771431,1,0,0
"ALSH2_ALSH2",-2.95149683491828,-2.99950696386541,1,0,0
"ALTI3_ALTI3",-3.97281421054436,-4.50350417046903,1,0,0
"ALVL3_ALVL3",-4.59830834570757,-3.53328377826202,1,0,0
"BRB8_BRB8",-4.33351820670215,5.43111782890296,0,0,1
"BRI3_BRI3",-3.09091013696139,3.55607454967346,0,0,1
"BRI4_BRI4",-2.89806467319329,2.43215772078321,0,0,1
"BRI5_BRI5",-3.29239348194195,3.82638144979051,0,0,1
"BRR1_BRR1",-3.8933836648039,2.88250735871611,0,0,1
"BRR2_BRR2",-2.01081165532968,2.75490831389743,0,0,1
"BRR4_BRR4",-3.17059640077724,5.16069404522271,0,0,1
"BRR5_BRR5",-2.05462125893495,4.44123338988151,0,0,1
"BGL6_BGL6",-2.1128669164164,-2.67515428454094,1,0,0
"BGL7_BGL7",-3.7787773796258,-5.36800178667949,1,0,0
"BGL9_BGL9",-2.94878252690124,-2.57687398817185,1,0,0
"CAYA10_CAYA10",-2.81475928241798,4.99921750758331,0,0,1
"CAYA2_CAYA2",-1.86061860782212,5.19790617690073,0,0,1
"CAYA23_CAYA23",-2.67380751668915,3.46049531625405,0,0,1
"CAYA3_CAYA3",-2.42541704461857,2.84906867504108,0,0,1
"CAYA38_CAYA38",-1.10080483955082,2.96037459769267,0,0,1
"CAYA4_CAYA4",-0.995887435534708,2.69584096724197,0,0,1
"CAYA59_CAYA59",-3.00043469289243,4.07215814966134,0,0,1
"CAYA60_CAYA60",-2.52092504485058,5.74951414698632,0,0,1
"xmas04_xmas04",-3.08948655738456,5.29836831862269,0,0,1
"xmas05_xmas05",-3.38682361529803,4.56011509140826,0,0,1
"xmas06_xmas06",-3.26517799861631,3.22407693578483,0,0,1
"xmas07_xmas07",-2.90540209897251,5.41643484875363,0,0,1
"HRB2_HRB2",-2.21715850539188,4.05073698522914,0,0,1
"HRK1_HRK1",-4.39199440317771,-4.69597940626831,1,0,0
"HRKZ1_HRKZ1",-3.16005470419407,-4.23991169264006,1,0,0
"HRPL1_HRPL1",-1.1656003095308,-5.02756881549561,1,0,0
"HRPL2_HRPL2",-3.1510328967149,-5.63712802156743,1,0,0
"HRVG1_HRVG1",-2.35799711220772,-2.56045352224446,1,0,0
"HRVR2_HRVR2",-2.52319552676942,-5.40912609582888,1,0,0
"HRVV1_HRVV1",-4.52302611188639,-3.70144973447093,1,0,0
"HRZB1_HRZB1",-3.84883623444184,-2.30959718172324,1,0,0
"HRZM2_HRZM2",-3.41141503096179,-3.19001379494347,1,0,0
"alb_nadi18_01_alb_nadi18_01",-2.41488482946794,4.71742478203189,0,0,1
"alb_nadi18_06_alb_nadi18_06",-4.57064544394674,3.92638174526835,0,0,1
"alb_nadi18_08_alb_nadi18_08",-2.05606823012229,4.79982539762353,0,0,1
"alb_nadi18_09_alb_nadi18_09",-3.26834037914299,5.05770079929258,0,0,1
"alb_nadi18_18_alb_nadi18_18",-2.00616450652343,4.73775185102685,0,0,1
"CO2_CO2",-2.00981114806865,-2.60248863948508,1,0,0
"CO3_CO3",-2.19462342149259,-1.28256100757786,1,0,0
"CO4_CO4",-2.47269444028975,-2.29990199578209,1,0,0
"FRGR1_FRGR1",-4.05052677893291,-4.16785406225334,1,0,0
"FRGR2_FRGR2",-2.50545790441457,-4.00557762165518,1,0,0
"FRGR3_FRGR3",-3.49266251153059,-4.23852768904415,1,0,0
"FRGR7_FRGR7",-2.84286311491785,-3.92918249588657,1,0,0
"FRGR8_FRGR8",-1.86714710121221,-3.5615079314579,1,0,0
"FRGR9_FRGR9",-3.51899177494484,-2.61860580916357,1,0,0
"FRMA3_FRMA3",-4.1896449978337,-3.38587395922476,1,0,0
"FRMA9_FRMA9",-4.78795736996193,-5.13856975447391,1,0,0
"FRMB1_FRMB1",-3.18617061861927,-5.43654638525784,1,0,0
"FRSL1_FRSL1",-1.7530426974089,-4.69378628871359,1,0,0
"FRST1_FRST1",-2.6856689496686,-5.84407810426127,1,0,0
"FRST4_FRST4",-1.92714958194195,-4.46158469618603,1,0,0
"FRST5_FRST5",-2.10270587048241,-4.51902300929836,1,0,0
"FRST9_FRST9",-2.99777609415684,-5.55156490870157,1,0,0
"DEFR2_DEFR2",-4.31609780645982,-3.69732246772618,1,0,0
"DELO6_DELO6",-3.97503639562782,-3.09943034107462,1,0,0
"AT1_AT1",-3.36606168952055,3.90025918770798,0,0,1
"AT2_AT2",-3.4776191335661,4.72555366424758,0,0,1
"AT5_AT5",-1.6309528151627,0.610800585171213,0.019,0,0.981
"GRIM2_GRIM2",-2.41360812787186,-5.01364853449079,1,0,0
"GRKI2_GRKI2",-3.75030237030093,-2.67244612694426,1,0,0
"GRKO1_GRKO1",-2.57825399346141,-2.39326461195049,1,0,0
"GRKO3_GRKO3",-3.5430410582623,-4.81192045194286,1,0,0
"GRTH34_GRTH34",-3.43989094975921,-2.88391014421176,1,0,0
"ILJ10_ILJ10",-3.5010384694958,-3.1619384576459,1,0,0
"ILJ12_ILJ12",-2.64217349890039,-1.94454638927615,1,0,0
"ILJ21_ILJ21",-1.91661723447954,-1.99853957601277,1,0,0
"ILJ7_ILJ7",-2.3471812181325,-2.43972638615194,1,0,0
"ILT1_ILT1",-2.71365137689948,-3.16418506155957,1,0,0
"IAG1_IAG1",-4.48887752431644,-4.08675592449022,1,0,0
"IAG4_IAG4",-3.74755536831995,-4.14343142753072,1,0,0
"IAG6_IAG6",-3.50607886878322,-2.25686570650333,1,0,0
"IBA2_IBA2",-2.31880025240682,-2.19871440263612,1,0,0
"IBA3_IBA3",-3.58042772363467,-3.47139558790101,1,0,0
"IBA5_IBA5",-2.17269123016705,-1.53677072919524,1,0,0
"IC14_IC14",-3.04012293352711,-4.75701768331858,1,0,0
"IC19_IC19",-4.34458766846916,-4.77128276306697,1,0,0
"IC7_IC7",-2.59331003235083,-3.90789037058246,1,0,0
"IGE1_IGE1",-3.25714776508235,-3.02477468006282,1,0,0
"IMS1_IMS1",-3.17339807152803,-4.03791377344522,1,0,0
"IMS2_IMS2",-3.54940846033771,-3.9425256274025,1,0,0
"IMS3_IMS3",-2.53943088330933,6.01910708587786,0,0,1
"IMS5_IMS5",-3.81259777095535,-4.56295562472765,1,0,0
"IPA4_IPA4",-3.49372992435769,-4.3654171506668,1,0,0
"IPA6_IPA6",-3.16135533875835,-5.55389429960358,1,0,0
"IPC2_IPC2",-4.54226843257884,-3.95870551667673,1,0,0
"IPR1_IPR1",-3.7015671500029,-4.40584515827667,1,0,0
"IRE2_IRE2",-2.24947185311455,-3.21078116358808,1,0,0
"IRO1_IRO1",-2.00476482892385,-1.88348883996742,1,0,0
"IRO2_IRO2",-2.89831141139913,-4.32085748101941,1,0,0
"IRO4_IRO4",-2.12563067236361,-2.77438658090363,1,0,0
"IVA1_IVA1",-3.46126124306777,-4.50398803475725,1,0,0
"IVA2_IVA2",-3.30958243435281,-4.93489071762689,1,0,0
"IVA5_IVA5",-4.15031953522095,-5.8579698203519,1,0,0
"IVA6_IVA6",-3.70406533942826,-5.64495447120193,1,0,0
"LRE17_LRE17",-3.60298002283758,2.62482180121252,0,0,1
"LRE18_LRE18",-1.49900171393749,4.66268822799008,0,0,1
"LRE4_LRE4",-3.99771196518512,3.53508009769664,0,0,1
"LRE56_LRE56",-3.45093944885675,2.56513358320091,0,0,1
"LRE57_LRE57",-3.00313381132986,6.0200151150294,0,0,1
"LRE6_LRE6",-2.142671032908,3.87891880798733,0,0,1
"LRE8_LRE8",-2.96162642483551,2.68218748301386,0,0,1
"LIVD1_LIVD1",-3.38755473556184,-3.90427868954644,1,0,0
"MMS1_MMS1",-1.56210795809452,-2.94802418826981,1,0,0
"MMS10_MMS10",-3.24974686557089,-4.72919248198808,1,0,0
"MMS13_MMS13",-1.53775888809072,-3.32454060503747,1,0,0
"MMS2_MMS2",-1.17949093414682,-3.22447841729776,1,0,0
"MMS3_MMS3",-1.68229242785777,-2.16415649752582,1,0,0
"MMS6_MMS6",-3.50099479134123,-3.47992920073259,1,0,0
"alb_mrts17_10_alb_mrts17_10",-2.94454957612687,5.08054606846975,0,0,1
"alb_mrts17_11_alb_mrts17_11",-1.72066652313907,4.44071883683076,0,0,1
"alb_mrts17_12_alb_mrts17_12",-3.64444061245854,3.27031506672738,0,0,1
"alb_mrts17_13_alb_mrts17_13",-3.41159959820132,5.18532722553415,0,0,1
"MOGK3_MOGK3",-3.11017951029894,-5.53810257447497,1,0,0
"MOKA2_MOKA2",-1.44104637641514,-2.74168767434472,1,0,0
"MOKR5_MOKR5",-3.50174098776836,-4.00549437610825,1,0,0
"MOKR6_MOKR6",-1.77426670961927,-3.52029364850744,1,0,0
"MORA15_MORA15",-3.43344012424843,-4.85937057474088,1,0,0
"SRB13_SRB13",-4.09081645609924,-5.05976591716216,1,0,0
"SRB26_SRB26",-3.2691183880047,-3.05162932128441,1,0,0
"SRB4_SRB4",-3.21095544419433,-3.16109674039113,1,0,0
"SRB7_SRB7",-2.4075560983368,-5.11679338535411,1,0,0
"SLBA1_SLBA1",-2.22924539064874,-4.14520338261959,1,0,0
"SLBA2_SLBA2",-2.53711509015253,-4.11413518107311,1,0,0
"SLBA3_SLBA3",-3.36995150283239,-3.91361242258035,1,0,0
"SLBA4_SLBA4",-4.52220555216877,-1.77425461515729,1,0,0
"BAR1_BAR1",-3.65784253950959,-2.65437724221634,1,0,0
"BAR2_BAR2",-2.76207203283763,-5.28144287346109,1,0,0
"BAR3_BAR3",-3.50130045006483,-4.80844596769424,1,0,0
"BAR5_BAR5",-3.28656800818017,-4.63583576531095,1,0,0
"ESMI1_ESMI1",-3.42552400234902,-3.01293427818139,1,0,0
"ESMI2_ESMI2",-2.80658194445889,-3.62708587676248,1,0,0
"ESPV1_ESPV1",-2.7886240442084,-4.73753678135754,1,0,0
"ESPV3_ESPV3",-3.08024983023283,-4.30695180681617,1,0,0
"ESPV4_ESPV4",-3.66618997674395,-3.85820840089538,1,0,0
"ESPV5_ESPV5",-3.43551490075328,-4.14084779332187,1,0,0
"ESVA1_ESVA1",-2.68452434545152,-4.82483229006008,1,0,0
"ESZA13_ESZA13",-3.34972256078949,-4.76876033343521,1,0,0
"ESZA2_ESZA2",-3.15190565112324,-3.7728636232645,1,0,0
"ESZA71_ESZA71",-3.14739799385661,-2.26545049459959,1,0,0
"ESZA72_ESZA72",-4.11216664811542,-4.19183494784356,1,0,0
"ESZA95_ESZA95",-3.03786241827484,-4.8016026808216,1,0,0
"MAB4_MAB4",-2.83250665426748,-3.91368775997016,1,0,0
"MAB5_MAB5",-2.61342358813629,-5.05778261833138,1,0,0
"Mall4_Mall4",-2.74369713460986,-3.36574066081036,1,0,0
"Mall5_Mall5",-2.35566544152008,-3.19541710025328,1,0,0
"Mall6_Mall6",-1.57446710753656,-4.03779343584778,1,0,0
"Mall8_Mall8",-2.34423379549947,-2.85649474564434,1,0,0
"MAT1_MAT1",-3.10597850316397,-5.60758323096281,1,0,0
"MAT3_MAT3",-4.13579305558069,-5.63453053407507,1,0,0
"MAT4_MAT4",-2.73317188753011,-3.15089558145724,1,0,0
"MUR1_MUR1",-3.64102517846833,-4.98671948163134,1,0,0
"MUR2_MUR2",-3.50437974978678,-4.27899581890936,1,0,0
"MUR3_MUR3",-3.82292002210748,-3.5413934914464,1,0,0
"MUR4_MUR4",-3.07709511726798,-4.03930999722708,1,0,0
"MUR5_MUR5",-2.23243571048831,-4.78418416145196,1,0,0
"Val1_Val1",-2.21090642476972,-3.67710735369222,1,0,0
"Val10_Val10",-3.61694024659865,-3.84054447154947,1,0,0
"Val4_Val4",-3.42092530389473,-4.91908183716339,1,0,0
"Val8_Val8",-2.70225058759549,-2.05266700065936,1,0,0
"AAM1_AAM1",-2.44570230662247,-4.81458242138869,1,0,0
"AAM3_AAM3",-4.65726491905964,-2.41407891831193,1,0,0
"AAM4_AAM4",-4.01930399567562,-4.68816868049808,1,0,0
"AAM5_AAM5",-1.61872603584501,-3.19651743634829,1,0,0
"AAM6_AAM6",-1.88526243540734,-3.98365209680807,1,0,0
"AAM7_AAM7",-3.15369746808997,-3.98071233159795,1,0,0
"AAM8_AAM8",-2.29063115063387,-4.33409018957007,1,0,0
"CHBA1_CHBA1",-3.41985523923816,-4.98064617986767,1,0,0
"CHBA4_CHBA4",-3.64234924559036,-4.44672876015903,1,0,0
"CHBA5_CHBA5",-3.77167379930099,-5.45873754334765,1,0,0
"CHBA6_CHBA6",-2.859584784063,-4.12215494740472,1,0,0
"CHBA7_CHBA7",-3.43564861753541,-2.56775129773694,1,0,0
"CHBE1_CHBE1",-3.76915685472949,-6.24484357400767,1,0,0
"CHBE120_CHBE120",-3.18168867787462,-5.40591566138802,1,0,0
"CHBE122_CHBE122",-3.37118855192306,-4.37158967222047,1,0,0
"CHBL3_CHBL3",-2.77598855042578,-5.40524308686431,1,0,0
"CHCAS1_CHCAS1",-3.37703804272794,-3.70558989916933,1,0,0
"CHCAS2_CHCAS2",-3.52772510893439,-4.41032766869757,1,0,0
"CHCAS4_CHCAS4",-3.61569958137002,-5.26604592458343,1,0,0
"CHCAS7_CHCAS7",-3.06907773023103,-2.92846889150708,1,0,0
"CHCAS8_CHCAS8",-2.46089468255269,-3.63392088434262,1,0,0
"CHCH1_CHCH1",-2.70816467592392,-3.68886805010111,1,0,0
"CHCH2_CHCH2",-1.6953996733983,-4.30899882096092,1,0,0
"CHCO10_CHCO10",-2.75953404700037,-4.95885759256084,1,0,0
"CHCO11_CHCO11",-2.95057483455234,-4.00727656400283,1,0,0
"CHCO12_CHCO12",-2.90699007947664,-4.20522206442019,1,0,0
"CHCO14_CHCO14",-2.88577071135132,-0.725803095243408,0.999,0,0.001
"CHCO15_CHCO15",-2.91190070700786,-2.23921043169824,1,0,0
"CHCO3_CHCO3",-3.64117701390104,-4.05415570866109,1,0,0
"CHCO6_CHCO6",-2.73478096067777,-5.70284440337276,1,0,0
"CHKE1_CHKE1",-2.25648964706558,-4.3831483583748,1,0,0
"CHLU1_CHLU1",-3.89421997343504,-4.05496930619044,1,0,0
"CHLU2_CHLU2",-4.40917109475524,-4.5525214203416,1,0,0
"CHLU3_CHLU3",-2.51604514543268,-3.28026243495905,1,0,0
"CHNE2_CHNE2",-3.34372994830713,-4.15218690445449,1,0,0
"CHNE3_CHNE3",-3.40097594401478,-4.07155591253756,1,0,0
"CHNE4_CHNE4",-2.78685486825885,-5.57839231527683,1,0,0
"CHNE5_CHNE5",-3.64361129747279,-4.05907734125191,1,0,0
"CHNO1_CHNO1",-2.41872888813931,-4.67417965650695,1,0,0
"CHNO2_CHNO2",-2.10358117604568,-4.33460349996095,1,0,0
"CHPR2_CHPR2",-3.70950647466676,-4.26244607351635,1,0,0
"CHSOR1_CHSOR1",-3.24014407070273,-2.45443311336768,1,0,0
"TH10_TH10",-3.8488313898559,-4.12627004300227,1,0,0
"TH3_TH3",-2.76818395966143,-2.32027181247943,1,0,0
"TH4_TH4",-2.20897862878069,-4.77188771397555,1,0,0
"TH5_TH5",-3.21930125941496,-4.02350335956458,1,0,0
"TH7_TH7",-3.42064504771494,-4.29322292016483,1,0,0
"TH9_TH9",-2.82833849281488,-4.54408844119732,1,0,0
"TL1_TL1",-4.29418898403216,-3.0910598588189,1,0,0
"TL2_TL2",-2.48687844044067,-3.03655624418358,1,0,0
"TL3_TL3",-2.31714739203391,-4.29752852520282,1,0,0
"TL4_TL4",-2.45105925807667,-4.49796152464206,1,0,0
"TL5_TL5",-2.82781003445016,-4.20793865420288,1,0,0
"TL6_TL6",-2.85329558058237,-4.53765416927691,1,0,0
"TL7_TL7",-4.04400019903447,-4.96500591614409,1,0,0
"TL8_TL8",-2.15035507533678,-4.5371289712809,1,0,0
"USSU11_USSU11",-2.77824534213354,-2.93967066894249,1,0,0
"USSU12_USSU12",-2.25954046059147,-5.99002521526153,1,0,0
"USSU13_USSU13",-2.92902790553089,-4.99900830279366,1,0,0
"USSU4_USSU4",-2.56664280132042,-3.71297666763168,1,0,0
"USSU5_USSU5",-2.07567305611402,-4.63692893721107,1,0,0
"USSU7_USSU7",-3.05112007131141,-3.01636336920611,1,0,0
"alb_vanu18_02_alb_vanu18_02",-3.05272067616873,4.55014478738787,0,0,1
"alb_vanu18_03_alb_vanu18_03",-1.8083942930486,5.16452316738041,0,0,1
"alb_vanu18_05_alb_vanu18_05",-3.15774784843976,5.3176682088982,0,0,1
"alb_vanu18_06_alb_vanu18_06",-3.67252540154777,3.86897828494002,0,0,1
"alb_vanu18_09_alb_vanu18_09",-2.69176498440563,4.16811950081104,0,0,1
"alb_vanu18_11_alb_vanu18_11",-2.11708286513708,4.61995241429482,0,0,1
"alb_vanu18_12_alb_vanu18_12",-3.46685272397514,4.20555937535357,0,0,1
"alb_vanu18_16_alb_vanu18_16",-3.45061525204732,4.43648130324595,0,0,1
"alb_indo16_01_alb_indo16_01",23.2250926154789,0.203202446526074,0,1,0
"alb_indo16_02_alb_indo16_02",25.2866606535103,0.03829427802028,0,1,0
"alb_indo16_03_alb_indo16_03",26.0730957261854,0.268241777392557,0,1,0
"alb_indo16_04_alb_indo16_04",27.5864736141313,0.156486144513482,0,1,0
"alb_indo16_08_alb_indo16_08",26.2669006414452,0.199266088280366,0,1,0
"alb_indo16_10_alb_indo16_10",26.0092220055876,-0.388425789221435,0,1,0
"alb_indo16_16_alb_indo16_16",23.7043123038294,0.17503982092189,0,1,0
"alb_indo16_20_alb_indo16_20",27.7015538405196,0.285388619093087,0,1,0
"BALI31_BALI31",26.204749886533,0.216802777275922,0,1,0
"BALI33_BALI33",26.4283556970398,-0.491153218072682,0,1,0
"BALI34_BALI34",23.6688123759805,-0.484010466821995,0,1,0
"BALI36_BALI36",23.4455379046633,-0.649317545243677,0,1,0
"BALI39_BALI39",27.463341628634,-1.50398297996414,0,1,0
"BALI40_BALI40",22.2595678981241,0.584600158931884,0,1,0
"BALI42_BALI42",22.562572941711,0.59954347858737,0,1,0
"A002_A002",-2.64389841232715,5.40071940357877,0,0,1
"A003_A003",-4.52276308952888,3.09214036440211,0,0,1
"A050_A050",-3.46824732411714,5.67335508633408,0,0,1
"A076_A076",-1.85287413425988,3.41734331048469,0,0,1
"A098_A098",-4.0834659161184,4.26858623477659,0,0,1
"A119_A119",-2.85216812938298,3.24253577016124,0,0,1
"A120_A120",-4.02640366303188,3.53682157864916,0,0,1
"A137_A137",-3.74846211545586,4.41755573628213,0,0,1
"A145_A145",-1.31678533638443,2.23337677502958,0,0,1
"A146_A146",-3.09996840400012,4.08698762007717,0,0,1
"A177_A177",-1.72804388720529,3.07607261035729,0,0,1
"A204_A204",-1.49182324581663,3.27346306023174,0,0,1
"A243_A243",-3.3015937511218,5.20420239246744,0,0,1
"A246_A246",-3.58659304658157,4.64038507624124,0,0,1
"CHN_alb_228_CHN_alb_228",-3.32249895248968,3.30071510709105,0,0,1
"CHN_alb_239_CHN_alb_239",-2.15376028771744,2.22571855794153,0,0,1
"HKG10_HKG10",-2.90983127053906,4.73883758998161,0,0,1
"HKG2_HKG2",-2.3017856138095,4.10213456608109,0,0,1
"HKG4_HKG4",-4.020213244738,5.1969516053317,0,0,1
"HKG6_HKG6",-3.11603421373957,5.99067660762303,0,0,1
"HKG8_HKG8",-2.81817879731483,5.73615882941904,0,0,1
"HKG9_HKG9",-2.97105251082399,5.06796948740828,0,0,1
"HKI1_HKI1",-2.55884311303944,1.97951425380201,0,0,1
"HKI10_HKI10",-3.22809364991748,4.20804087313337,0,0,1
"HKI12_HKI12",-4.28738619838632,4.28632411715084,0,0,1
"HKI14_HKI14",-2.94003254923415,4.34765383684902,0,0,1
"HKI15_HKI15",-2.61300916079936,4.85066007763696,0,0,1
"HKI16_HKI16",-3.50238632334632,4.83510228878318,0,0,1
"HKI17_HKI17",-4.03185670623799,5.32333372894893,0,0,1
"HKI20_HKI20",-4.18320659257467,5.62297765003638,0,0,1
"HKI21_HKI21",-3.47137421503388,3.30892551900395,0,0,1
"HKI22_HKI22",-2.44168177470636,3.83012610764373,0,0,1
"HKI24_HKI24",-1.7832982105954,4.97514186379271,0,0,1
"HKI25_HKI25",-3.76143073966036,4.84427646517879,0,0,1
"HKI5_HKI5",-2.69179225242381,2.41798757029128,0,0,1
"HKI6_HKI6",-2.37350044315898,3.13037693588439,0,0,1
"HKI7_HKI7",-2.69128338561295,2.95137542686871,0,0,1
"HKI8_HKI8",-3.97984703704918,3.84513448020537,0,0,1
"HKL1_HKL1",-4.09267317770533,4.26220760109355,0,0,1
"HKL2_HKL2",-4.28198999231334,2.50195836290009,0,0,1
"HKL3_HKL3",-4.18636014674598,4.22309346938449,0,0,1
"HKL4_HKL4",-3.5269549433616,4.45910017640814,0,0,1
"HKL5_HKL5",-2.00403879330585,3.47167455273665,0,0,1
"HKN8_HKN8",-2.24465990681324,1.69353232043817,0,0,1
"HKS1_HKS1",-0.990633054567697,4.38829255137802,0,0,1
"HKS2_HKS2",-1.78199267649747,3.21130633331521,0,0,1
"HKS3_HKS3",-2.53885087285518,5.37014011221553,0,0,1
"HKY1_HKY1",-2.84685431532163,1.03771306313708,0.001,0,0.999
"HKY3_HKY3",-3.1631260107421,3.39181506213423,0,0,1
"jaka_01_jaka_01",22.1518493775203,0.856908435475434,0,1,0
"jaka_02_jaka_02",24.8283417663684,0.707880801225275,0,1,0
"jaka_03_jaka_03",23.1424031594077,-0.0160626697816825,0,1,0
"jaka_04_jaka_04",25.3795987091213,-0.563130883377094,0,1,0
"jaka_05_jaka_05",27.9131471618437,0.536112582267149,0,1,0
"jaka_06_jaka_06",22.9634744945175,-0.0907892055549059,0,1,0
"jaka_08_jaka_08",18.4771892193001,-0.583115312528605,0,1,0
"jaka_09_jaka_09",23.6598758387631,-0.373558865659771,0,1,0
"jaka_10_jaka_10",25.2888572808235,0.338001982686373,0,1,0
"jaka_11_jaka_11",27.0670913032431,-0.890832076607687,0,1,0
"jaka_12_jaka_12",25.6811730058936,-0.224189773693121,0,1,0
"jaka_13_jaka_13",25.8169026692352,-0.538064459151749,0,1,0
"jaka_14_jaka_14",22.9662297651771,-0.60168392256104,0,1,0
"jaka_15_jaka_15",27.0272639746054,0.534258281894057,0,1,0
"jaka_16_jaka_16",23.7270714163985,0.403686829267654,0,1,0
"jaka_17_jaka_17",22.2505046321425,0.377617870474422,0,1,0
"jaka_18_jaka_18",24.9810770192557,0.271220937241697,0,1,0
"JAMA04_JAMA04",-2.41138643273326,-3.35990067651207,1,0,0
"JAMA05_JAMA05",-3.98334215092308,-2.29967475045088,1,0,0
"JAMA11_JAMA11",-3.327599521045,-2.36605841538895,1,0,0
"JAMA25_JAMA25",-1.79145525437639,-2.54586211124515,1,0,0
"RIBA02_RIBA02",26.9903029663328,-0.767180596931106,0,1,0
"RIBA03_RIBA03",26.0007358696353,0.882841404599634,0,1,0
"RIBA04_RIBA04",22.4837888912163,0.2637330002669,0,1,0
"RIBA05_RIBA05",22.4927856039087,-0.460177168217687,0,1,0
"RIBA06_RIBA06",23.8832844587398,-0.614168320151153,0,1,0
"RIBA07_RIBA07",24.4805596725773,-1.41398625131411,0,1,0
"RIBA08_RIBA08",26.522809694007,-0.165931860269087,0,1,0
"RIBA09_RIBA09",21.8215529783975,0.0854394226986247,0,1,0
"RIBA10_RIBA10",24.5784623954462,0.0602812352088048,0,1,0
"RIBA12_RIBA12",26.1533017623155,0.177322992468774,0,1,0
"RIBA14_RIBA14",23.0144956747846,-0.1001063951329,0,1,0
"RIBA27_RIBA27",25.7407061380368,-0.966264858628417,0,1,0
"RIBA28_RIBA28",25.4219484504146,0.0123088625652955,0,1,0
"M1-RN-002_M1-RN-002",-3.08367760249336,4.39463018228885,0,0,1
"M1-RN-010_M1-RN-010",-1.85200184028392,4.66542119486291,0,0,1
"M1-RN-014_M1-RN-014",-3.16795089104911,4.9535271384117,0,0,1
"M1-RN-015_M1-RN-015",-3.40998942899629,5.78850648963185,0,0,1
"M1-RN-018_M1-RN-018",-3.61811315648086,5.25581805676956,0,0,1
"M1-RN-024_M1-RN-024",-1.95237090998842,4.14833974598475,0,0,1
"M1-RN-029_M1-RN-029",-3.50636419015219,3.09507760862386,0,0,1
"M1-RN-033_M1-RN-033",-3.90843053109626,4.66267747135901,0,0,1
"M1-RN-034_M1-RN-034",-3.25241869123196,3.89421794264877,0,0,1
"M1-RN-036_M1-RN-036",-4.08588937727734,4.87119760852728,0,0,1
"M1-RN-051_M1-RN-051",-0.685936785241597,4.26168074082529,0,0,1
"M1-RN-054_M1-RN-054",-2.677085356914,4.42235015997052,0,0,1
"M1-RN-056_M1-RN-056",-4.34108547216467,4.12141663770472,0,0,1
"M1-RN-059_M1-RN-059",-3.2586630802535,3.98747002462821,0,0,1
"M1-RN-061_M1-RN-061",-2.67061414465504,4.64105067099627,0,0,1
"M1-RN-063_M1-RN-063",-2.85742388153014,4.25891838131569,0,0,1
"M1-RN-067_M1-RN-067",-3.34718079617176,3.45337902959158,0,0,1
"M1-RN-073_M1-RN-073",-2.05612452630794,5.63576731239255,0,0,1
"M1-RN-076_M1-RN-076",-2.85405892929965,4.87327237741873,0,0,1
"M1-RN-078_M1-RN-078",-3.71794806974591,3.96332417900129,0,0,1
"M1-RN-081_M1-RN-081",-2.76144087545536,4.06649529068178,0,0,1
"M1-RN-084_M1-RN-084",-3.5655962878062,3.72145297565329,0,0,1
"M1-RN-086_M1-RN-086",-3.20710126008253,5.02289960380064,0,0,1
"M1-RN-088_M1-RN-088",-2.23852381127021,5.27284960407173,0,0,1
"M1-RN-091_M1-RN-091",-3.2043346961547,4.45050726282483,0,0,1
"M1-RN-093_M1-RN-093",-3.32285839804127,3.76626434986769,0,0,1
"M1-RN-095_M1-RN-095",-2.46809081433042,4.8165556896466,0,0,1
"M1-RN-097_M1-RN-097",-3.71058979725622,4.60964878182147,0,0,1
"M1-RN-098_M1-RN-098",-2.201090216233,3.19245617132124,0,0,1
"M1-RN-100_M1-RN-100",-1.48712170474669,4.36587095469987,0,0,1
"M1-RN-102_M1-RN-102",-3.17095084853583,4.75727842742357,0,0,1
"M1-RN-108_M1-RN-108",-3.14522359357045,5.26075057991811,0,0,1
"M1-RN-112_M1-RN-112",-3.45818546875844,4.28017104655134,0,0,1
"M1-RN-114_M1-RN-114",-2.99104667686236,3.67335832970581,0,0,1
"M1-RN-116_M1-RN-116",-3.82256488856419,5.09915208125713,0,0,1
"M1-RN-119_M1-RN-119",-3.68657628090233,4.02133507595615,0,0,1
"M1-RN-122_M1-RN-122",-3.44974290188493,4.72606334589563,0,0,1
"M1-RN-124_M1-RN-124",-3.09409333512403,5.74545179315705,0,0,1
"M1-RN-129_M1-RN-129",-3.07934592225299,4.54753600696075,0,0,1
"M1-RN-131_M1-RN-131",-2.13629072194598,4.11365449280372,0,0,1
"M1-RN-133_M1-RN-133",-3.7991486168088,3.69989411929053,0,0,1
"M1-RN-136_M1-RN-136",-2.85738698604244,4.42820441837007,0,0,1
"M1-RN-137_M1-RN-137",-2.06407784677451,4.35785230862054,0,0,1
"M1-RN-143_M1-RN-143",-2.6092417277377,5.38522650482031,0,0,1
"M1-RN-144_M1-RN-144",-3.08173144018024,5.63637736580785,0,0,1
"M1-RN-148_M1-RN-148",-3.83908110020154,3.89759638812825,0,0,1
"M1-RN-149_M1-RN-149",-4.84267085891664,4.995648990161,0,0,1
"PH_05_PH_05",-1.13071996011,3.92432422636977,0,0,1
"PH_06_PH_06",-4.14282537061067,4.47859274439844,0,0,1
"PH_08_PH_08",-1.56098587455797,5.49644253614098,0,0,1
"PH_11_PH_11",-2.54494726351958,4.07492591534608,0,0,1
"alb_sngp17_18_alb_sngp17_18",-2.34695278009299,4.33248460333772,0,0,1
"alb_sngp17_19_alb_sngp17_19",-0.980900779622428,4.94033155911078,0,0,1
"SRI_alb18_SRI_alb18",-2.18197016108744,5.65645527715672,0,0,1
"SRI_alb24_SRI_alb24",-2.08362263767205,3.40892131930287,0,0,1
"SRI_alb30_SRI_alb30",-3.04567195658969,4.66752675963329,0,0,1
"SRI_alb33_SRI_alb33",-2.88435906612477,3.96275873682497,0,0,1
"TW02_1_TW02_1",-2.21584941228777,4.66018959826692,0,0,1
"TW02_2_TW02_2",-4.28067772332045,4.12862961573684,0,0,1
"TW02_3_TW02_3",-4.2375056713086,5.19251760396302,0,0,1
"TW04_2_TW04_2",-2.6322638929308,3.14488149040377,0,0,1
"TW05_2_TW05_2",-3.18355631290307,3.37418956480424,0,0,1
"TW06_1_TW06_1",-2.87971100376547,1.30312345800426,0,0,1
"TW06_2_TW06_2",-3.95934451767747,4.87795364489525,0,0,1
"TW11_1_TW11_1",-2.02760768401537,5.29600234317586,0,0,1
"TW11_2_TW11_2",-3.18801396780687,3.82454467220317,0,0,1
"TW12_1_TW12_1",-4.52491403056199,4.94919182577883,0,0,1
"TW12_2_TW12_2",-1.91262397149824,4.12253513749303,0,0,1
"TW14_1_TW14_1",-3.08575030745429,5.00347068746572,0,0,1
"TW14_2_TW14_2",-3.17234261746619,4.44366527841848,0,0,1
"TW15_1_TW15_1",-3.88984554771203,3.25020878887011,0,0,1
"TW15_2_TW15_2",-2.25276361524839,2.89380416224196,0,0,1
"THNO2_THNO2",-2.53794860665013,2.43134456911987,0,0,1
"vt18_03_vt18_03",-3.05358619790058,5.65317140403102,0,0,1
"vt18_04_vt18_04",-2.11613799689508,3.05792471445202,0,0,1
"vt18_05_vt18_05",-3.5372678981734,6.24580931646458,0,0,1
"vt18_06_vt18_06",-2.25181353370886,3.71325394219108,0,0,1
"vt18_10_vt18_10",-2.590160180826,3.91597520752467,0,0,1
"vt18_11_vt18_11",-1.31186432146857,3.37110933783398,0,0,1
"vt18_12_vt18_12",-2.15311339575671,3.32279134472703,0,0,1
"vt18_13_vt18_13",-3.98514671185452,4.81398422635526,0,0,1
"vt18_14_vt18_14",-1.91166847045736,5.4872408183168,0,0,1
