"","LD1","LD2","LD3","1","2","3","4"
"ALKR1_ALKR1",2.09008772378287,-0.888127558141123,1.47152610384919,0,0,1,0
"ALKR3_ALKR3",5.25026945562571,0.847532000612926,1.45366583025264,0,0,1,0
"ALKR5_ALKR5",4.33413924991099,0.611879878812748,1.38067428742061,0,0,1,0
"ALSH2_ALSH2",3.31818364918589,0.119864490412139,0.41429765206099,0,0,1,0
"ALTI3_ALTI3",4.20962223232571,0.804169517592315,2.05843243380074,0,0,1,0
"ALVL3_ALVL3",3.28238813706318,-1.06023815880654,1.74050605361512,0,0,1,0
"BRB8_BRB8",-7.86036001721812,18.1188454539948,0.570195582308412,1,0,0,0
"BRI3_BRI3",-4.25860389741809,13.4395028152255,-0.906574163013062,1,0,0,0
"BRI4_BRI4",-3.41806309032659,11.4333716546321,0.142301791837561,1,0,0,0
"BRI5_BRI5",-5.22470553679342,18.456724670947,-0.236307611474008,1,0,0,0
"BRR1_BRR1",-5.35225174678882,15.7705875676873,0.522318103110042,1,0,0,0
"BRR2_BRR2",-3.84941885579382,10.4936921406239,-0.403015647549144,1,0,0,0
"BRR4_BRR4",-7.16330483655336,19.2080370254985,-0.529306352895001,1,0,0,0
"BRR5_BRR5",-6.41497282637302,16.9669457373045,-0.509558306961621,1,0,0,0
"BGL6_BGL6",2.61041474531674,-0.451789460107079,0.710829278442837,0,0,1,0
"BGL7_BGL7",5.2208064413768,0.749586082980058,2.32008811248497,0,0,1,0
"BGL9_BGL9",2.43039391730844,-0.555441328244252,0.88383463312867,0,0,1,0
"CAYA10_CAYA10",-8.39089958221811,-2.68056705686398,4.26281067096324,0,0,0,1
"CAYA2_CAYA2",-7.39690709776248,-2.61516434698345,1.32403539413856,0,0,0,1
"CAYA23_CAYA23",-5.31204350007394,-3.05719126831701,1.42351371109876,0,0,0,1
"CAYA3_CAYA3",-6.16013646580289,-1.75531196040862,3.2914143571048,0,0,0,1
"CAYA38_CAYA38",-4.76549117132992,0.624262766490022,0.945107923876027,0,0,0,1
"CAYA4_CAYA4",-4.44959523650786,-1.3273264969867,0.731066173426724,0,0,0,1
"CAYA59_CAYA59",-7.24358815385532,-3.71977414681604,3.42199099560165,0,0,0,1
"CAYA60_CAYA60",-9.49443282080166,-2.77527196825286,2.90010256693042,0,0,0,1
"xmas04_xmas04",-7.87192311981044,-3.79739136611814,1.73089782870977,0,0,0,1
"xmas05_xmas05",-7.53250164179711,-2.94605498360582,2.77346226413359,0,0,0,1
"xmas06_xmas06",-6.82452464289046,-2.19868231258902,3.34534046284415,0,0,0,1
"xmas07_xmas07",-7.52460167229194,-2.62398294711309,1.87200967660674,0,0,0,1
"HRB2_HRB2",-5.9616947663972,14.9177778078091,0.395192043896162,1,0,0,0
"HRK1_HRK1",4.28701921355187,-0.417624529601875,2.44749098746979,0,0,1,0
"HRKZ1_HRKZ1",4.88309582051878,-0.637426557227281,0.706105649310075,0,0,1,0
"HRPL1_HRPL1",4.66294894329953,0.125220294776197,1.43739451490764,0,0,1,0
"HRPL2_HRPL2",5.43141687417675,-0.314843085942832,2.21143065885913,0,0,1,0
"HRVG1_HRVG1",3.08195300983292,0.605865259162949,0.427527888649042,0,0,1,0
"HRVR2_HRVR2",4.75021688361373,0.0760425241557221,1.8235256727047,0,0,1,0
"HRVV1_HRVV1",5.03006733192679,-0.848993998293815,0.0481643530875537,0,0,1,0
"HRZB1_HRZB1",3.171294069442,-0.384206809851602,-0.665199784761036,0,0,1,0
"HRZM2_HRZM2",4.70367014458664,1.31216232582687,-0.360780639944925,0,0,1,0
"alb_nadi18_01_alb_nadi18_01",-7.63664043332493,-3.39341807889165,2.41254736355972,0,0,0,1
"alb_nadi18_06_alb_nadi18_06",-7.74307593123916,-3.23184867338844,3.99767332607356,0,0,0,1
"alb_nadi18_08_alb_nadi18_08",-8.19274504404915,-2.42291710309862,2.7095012991312,0,0,0,1
"alb_nadi18_09_alb_nadi18_09",-7.87161845619297,-2.80246485454266,2.34968666921115,0,0,0,1
"alb_nadi18_18_alb_nadi18_18",-8.19311058538577,-3.43538476847267,3.23218082054459,0,0,0,1
"CO2_CO2",3.22734089485012,-0.159310483492173,-0.191146658924025,0,0,1,0
"CO3_CO3",1.57209269699004,0.0102886403952486,0.0719062497385637,0,0,1,0
"CO4_CO4",2.64245573670857,0.255773787394965,0.210447756284369,0,0,1,0
"FRGR1_FRGR1",4.37162170439148,-0.0759652463876697,1.31544382749309,0,0,1,0
"FRGR2_FRGR2",4.22355341587888,-1.00771681553745,0.977162278438919,0,0,1,0
"FRGR3_FRGR3",4.23917629668486,-0.265673805135673,0.856813836671707,0,0,1,0
"FRGR7_FRGR7",4.82344484546274,0.200420739081913,0.610641676162042,0,0,1,0
"FRGR8_FRGR8",2.53296806557935,0.165745030678278,2.13924224043379,0,0,1,0
"FRGR9_FRGR9",3.45730903137727,-0.0429814881131854,0.343078710587484,0,0,1,0
"FRMA3_FRMA3",3.83828913060744,1.18213997485232,0.684737654328372,0,0,1,0
"FRMA9_FRMA9",5.85290659508814,0.233968326858495,0.881161784657724,0,0,1,0
"FRMB1_FRMB1",5.04255831550005,-0.31778793216759,2.56488951524828,0,0,1,0
"FRSL1_FRSL1",3.4086856637307,-0.446905745471215,2.75088228468697,0,0,1,0
"FRST1_FRST1",5.03497653010734,1.26351341473429,1.68986815018201,0,0,1,0
"FRST4_FRST4",3.74971195468343,-0.865557866641693,1.78408046799276,0,0,1,0
"FRST5_FRST5",4.6379904004538,0.163353105180755,1.86631887656199,0,0,1,0
"FRST9_FRST9",4.79245326069627,-0.566290979632777,2.98414950792458,0,0,1,0
"DEFR2_DEFR2",4.43539952304849,0.686903236061678,0.74454422847329,0,0,1,0
"DELO6_DELO6",3.68556771327838,0.408947676752508,0.2286846857164,0,0,1,0
"AT1_AT1",-1.27160677737561,-1.82343775749973,-5.0308524296804,0,1,0,0
"AT2_AT2",-2.40560580889563,-0.561165036730498,-4.54491435910881,0,1,0,0
"AT5_AT5",-0.241180875406721,-0.534641758253951,-0.894388216534644,0,0.934,0.066,0
"GRIM2_GRIM2",4.4156113476036,-0.0964902931185419,1.4971769760273,0,0,1,0
"GRKI2_GRKI2",3.47777007792518,0.0764964712093362,0.183718398516531,0,0,1,0
"GRKO1_GRKO1",2.61457080079007,-0.638610482773397,0.67299537334616,0,0,1,0
"GRKO3_GRKO3",4.77979799370715,-0.347560351310458,1.76153105646203,0,0,1,0
"GRTH34_GRTH34",4.1509240089433,-0.420448956288046,0.905150990083924,0,0,1,0
"ILJ10_ILJ10",4.3457463023553,-0.46160321568833,0.360477281973275,0,0,1,0
"ILJ12_ILJ12",1.8869829270352,0.197486082848175,0.431612027277287,0,0,1,0
"ILJ21_ILJ21",2.74359147071612,-0.209615037229547,-0.203122316736749,0,0,1,0
"ILJ7_ILJ7",2.09149303775306,0.386438872338878,1.05993166158856,0,0,1,0
"ILT1_ILT1",2.49990303526735,0.145662158756022,1.92511261283138,0,0,1,0
"IAG1_IAG1",4.88803976460089,0.103039716138257,1.02533775751784,0,0,1,0
"IAG4_IAG4",4.62993111101379,-0.280933056362876,2.22809973795489,0,0,1,0
"IAG6_IAG6",2.61542245288091,0.414558662511152,0.474526245989133,0,0,1,0
"IBA2_IBA2",2.32572343083431,0.760738692427873,0.511874680499988,0,0,1,0
"IBA3_IBA3",3.83125780125843,0.536115946639175,0.799759431871348,0,0,1,0
"IBA5_IBA5",2.58815466319834,-0.671785675088402,-0.583870679113021,0,0,1,0
"IC14_IC14",4.6754514854446,-0.148513891857429,1.41285101510245,0,0,1,0
"IC19_IC19",5.53627350961013,0.106201503147678,0.388250071931042,0,0,1,0
"IC7_IC7",4.16176233525849,-0.237571685947206,1.38762255070658,0,0,1,0
"IGE1_IGE1",3.07549207712802,-0.413618568981516,1.36145249269064,0,0,1,0
"IMS1_IMS1",4.5679608262271,0.464723980112017,0.449209435354183,0,0,1,0
"IMS2_IMS2",4.66138646331969,0.0086338304523604,0.345632899436799,0,0,1,0
"IMS3_IMS3",-7.4697155739714,19.4647928555396,-1.0833452538116,1,0,0,0
"IMS5_IMS5",4.56145184119872,0.512676457450013,2.3696212943505,0,0,1,0
"IPA4_IPA4",4.27370079146071,0.885200890617844,1.64659169455787,0,0,1,0
"IPA6_IPA6",4.7838868386169,0.524237114265985,2.58379105661972,0,0,1,0
"IPC2_IPC2",4.66852573851718,0.456466469094253,1.40596475165872,0,0,1,0
"IPR1_IPR1",4.03145204608159,0.366696105777562,1.75078732480378,0,0,1,0
"IRE2_IRE2",3.28925970742787,-0.539910491182836,0.811783845992524,0,0,1,0
"IRO1_IRO1",2.5828175904463,-0.415255556607518,-0.348706203304317,0,0,1,0
"IRO2_IRO2",3.744770147711,0.260217342382559,2.42906926345009,0,0,1,0
"IRO4_IRO4",3.04220885601806,0.117737716888484,0.324761102393859,0,0,1,0
"IVA1_IVA1",4.08027097691693,1.34515486868186,2.13972298834535,0,0,1,0
"IVA2_IVA2",5.38572281887298,0.340813826409084,0.940180870394248,0,0,1,0
"IVA5_IVA5",5.85605014080953,1.26587986671428,2.41377513197545,0,0,1,0
"IVA6_IVA6",5.71436460819099,0.546936939793039,1.7030996564195,0,0,1,0
"LRE17_LRE17",-0.259601595426783,-0.603631238099428,-4.34499233764815,0,1,0,0
"LRE18_LRE18",-2.28126907858324,-1.98803429655514,-5.67881398804074,0,1,0,0
"LRE4_LRE4",-0.903626313440281,0.0704950840450184,-3.79844881991116,0,1,0,0
"LRE56_LRE56",-0.882949141331136,-1.1407052104444,-2.97553891117707,0,1,0,0
"LRE57_LRE57",-1.36320036596015,-1.72432700710891,-7.39735852471101,0,1,0,0
"LRE6_LRE6",-1.727039589254,-2.04225047138001,-4.78956147826931,0,1,0,0
"LRE8_LRE8",0.00968987849250757,-0.63133496330542,-4.41533371450067,0,1,0,0
"LIVD1_LIVD1",4.13986018764179,0.407120904384294,1.27964706929273,0,0,1,0
"MMS1_MMS1",3.1624157425463,0.0194030869420216,0.692483564637605,0,0,1,0
"MMS10_MMS10",5.33593996599757,1.01629623476963,0.754411693457497,0,0,1,0
"MMS13_MMS13",3.11914999649305,1.91278193306518,1.46832001615371,0,0,1,0
"MMS2_MMS2",2.94154883565493,-0.00185623837950082,1.37186709379287,0,0,1,0
"MMS3_MMS3",3.02397517461265,1.01715649114654,0.0334898718026631,0,0,1,0
"MMS6_MMS6",3.50353100634467,0.985302581016234,1.40558128025104,0,0,1,0
"alb_mrts17_10_alb_mrts17_10",-1.62543814264322,-3.37909363466908,-5.60094131479164,0,1,0,0
"alb_mrts17_11_alb_mrts17_11",-1.8619855959437,-1.88282255663896,-5.29652644615772,0,1,0,0
"alb_mrts17_12_alb_mrts17_12",-1.64972338665136,-3.78916407820724,-3.25473595374414,0,1,0,0
"alb_mrts17_13_alb_mrts17_13",-1.57638726003655,-1.05542227345017,-6.1565894513819,0,1,0,0
"MOGK3_MOGK3",5.84567537087104,-0.0780448773254879,1.15716319727296,0,0,1,0
"MOKA2_MOKA2",3.04977227252158,-0.435275391320113,0.337929316045483,0,0,1,0
"MOKR5_MOKR5",4.02560564694991,0.237279273017725,2.07861271605964,0,0,1,0
"MOKR6_MOKR6",4.21121222157473,0.398248766693578,0.0211108324696871,0,0,1,0
"MORA15_MORA15",5.5236875264925,1.58692725421429,0.558085299061616,0,0,1,0
"SRB13_SRB13",4.88437554910806,0.634845791804168,1.79251026663244,0,0,1,0
"SRB26_SRB26",3.34475443365471,-0.258330329636985,0.714169439803952,0,0,1,0
"SRB4_SRB4",2.94621820790317,-0.0487479827133783,1.02779661678385,0,0,1,0
"SRB7_SRB7",5.38509982240083,2.03256312891033,0.415892886554011,0,0,1,0
"SLBA1_SLBA1",5.00938351142517,0.0116547949877574,0.419579702133651,0,0,1,0
"SLBA2_SLBA2",4.30709251063108,0.466452827405375,-0.328772652504344,0,0,1,0
"SLBA3_SLBA3",3.94854652319967,-0.191104066588189,1.70441801479,0,0,1,0
"SLBA4_SLBA4",3.13699553465186,-1.38200671319426,-0.580634631497238,0,0,1,0
"BAR1_BAR1",2.32524465865473,0.0821755313799671,1.61332460207605,0,0,1,0
"BAR2_BAR2",5.25499077955533,-0.0616306058349869,1.77895294051622,0,0,1,0
"BAR3_BAR3",4.84016194160119,-2.05748425622435,2.53360586789477,0,0,1,0
"BAR5_BAR5",4.46583029978063,-0.051660799093602,1.67989686574053,0,0,1,0
"ESMI1_ESMI1",3.10378651565621,-0.43172909643574,1.02345184904076,0,0,1,0
"ESMI2_ESMI2",4.00033554678996,-0.0269953205302416,0.652448823229188,0,0,1,0
"ESPV1_ESPV1",4.32117425138017,0.00141623507303804,1.59209885936685,0,0,1,0
"ESPV3_ESPV3",4.62761285570698,-0.0362368331797007,1.45383524512804,0,0,1,0
"ESPV4_ESPV4",4.45128593699964,-0.784219319603331,0.303171893759766,0,0,1,0
"ESPV5_ESPV5",3.91576516984373,0.168775315829876,1.65011432062634,0,0,1,0
"ESVA1_ESVA1",4.62870273896546,-1.29500313110412,1.57189308340683,0,0,1,0
"ESZA13_ESZA13",4.67461217384875,0.560300022683731,1.80689961784335,0,0,1,0
"ESZA2_ESZA2",3.71494926575907,-1.03260487896009,0.786575725253013,0,0,1,0
"ESZA71_ESZA71",2.23968140805239,0.132698377170683,0.624685123048188,0,0,1,0
"ESZA72_ESZA72",4.20316234678925,0.0528265579999584,1.69526051138332,0,0,1,0
"ESZA95_ESZA95",4.62107092534543,0.467767628113618,1.60379804084193,0,0,1,0
"MAB4_MAB4",4.13612409051591,-0.390489505904888,1.56285681592352,0,0,1,0
"MAB5_MAB5",4.87527020009994,0.00034278693914344,1.99647481048404,0,0,1,0
"Mall4_Mall4",4.10750747114055,0.816496506252923,0.778899661894263,0,0,1,0
"Mall5_Mall5",3.2055994938896,-0.0805378477639995,0.729322475186078,0,0,1,0
"Mall6_Mall6",4.30890129686907,0.660736339864117,0.781500853577679,0,0,1,0
"Mall8_Mall8",3.54302794388136,0.417425286630737,0.626575272954737,0,0,1,0
"MAT1_MAT1",5.18076523162154,1.13258946026768,1.61280324105394,0,0,1,0
"MAT3_MAT3",5.91914567901973,-0.315740645952815,1.53293858701374,0,0,1,0
"MAT4_MAT4",3.04202824290387,-0.274353092541328,0.876660591988559,0,0,1,0
"MUR1_MUR1",4.52682895543106,1.2984837664217,1.95162401403697,0,0,1,0
"MUR2_MUR2",4.65580504501734,0.792738767726314,0.853426342833561,0,0,1,0
"MUR3_MUR3",3.99453986422366,1.57126068395861,1.16279258183279,0,0,1,0
"MUR4_MUR4",3.43186886498571,0.21081544081589,1.86223239345614,0,0,1,0
"MUR5_MUR5",4.47284250125728,-0.502483780568209,1.27425739381544,0,0,1,0
"Val1_Val1",3.45944285990916,-0.608028097515171,1.45768668118091,0,0,1,0
"Val10_Val10",4.43056125260089,1.57572524960634,0.0888983350896107,0,0,1,0
"Val4_Val4",5.0438478431276,0.168025336882743,1.27739318635385,0,0,1,0
"Val8_Val8",2.87189286536403,1.53263450463137,-0.824163018153946,0,0,1,0
"AAM1_AAM1",4.84853754076111,-0.0113082864678947,1.10465110103186,0,0,1,0
"AAM3_AAM3",3.00579971914172,0.99222101540482,0.517365302207105,0,0,1,0
"AAM4_AAM4",5.5684145489504,-0.28348227420133,1.12496561373655,0,0,1,0
"AAM5_AAM5",3.21153250157742,-0.531388078138985,0.962600372762769,0,0,1,0
"AAM6_AAM6",3.46365518935824,-0.21046220162396,1.71919709641734,0,0,1,0
"AAM7_AAM7",4.67404314493155,0.53059342710413,0.187833550782209,0,0,1,0
"AAM8_AAM8",3.83548828893237,-0.283405618659093,1.94905166066678,0,0,1,0
"CHBA1_CHBA1",6.05415457715092,-0.347156325464498,0.442716962045824,0,0,1,0
"CHBA4_CHBA4",3.95077003951215,0.553091064462249,2.39684535629631,0,0,1,0
"CHBA5_CHBA5",5.73933468747893,1.59623182938576,1.74331568129844,0,0,1,0
"CHBA6_CHBA6",3.17710087028938,-0.21325989039818,2.12527780450291,0,0,1,0
"CHBA7_CHBA7",3.61374900003258,1.07723008149615,-0.338743557693728,0,0,1,0
"CHBE1_CHBE1",5.72017344421065,-0.29189226792447,1.97793525585497,0,0,1,0
"CHBE120_CHBE120",5.34988089565829,1.09585299923074,1.44136919760745,0,0,1,0
"CHBE122_CHBE122",3.79882683190392,1.29589908650457,2.09216324051633,0,0,1,0
"CHBL3_CHBL3",5.73828974961731,-0.093014365157172,1.1798185811949,0,0,1,0
"CHCAS1_CHCAS1",4.22298941687886,0.735116740090225,0.603256514106916,0,0,1,0
"CHCAS2_CHCAS2",4.31727683355902,-0.493605031133873,1.2993481848811,0,0,1,0
"CHCAS4_CHCAS4",4.78575611596126,-0.144495458793587,2.75884960550335,0,0,1,0
"CHCAS7_CHCAS7",3.26137438916378,-0.839853021602904,0.426595276290787,0,0,1,0
"CHCAS8_CHCAS8",3.79555324218817,-0.20606633679378,0.891286080132008,0,0,1,0
"CHCH1_CHCH1",3.59273844773924,-1.29245216831722,1.34938878635145,0,0,1,0
"CHCH2_CHCH2",4.94496623164786,0.556831281331247,0.321745293376984,0,0,1,0
"CHCO10_CHCO10",4.61993918047988,1.09979628516712,1.70977889342011,0,0,1,0
"CHCO11_CHCO11",4.09151745983316,-0.311386870387554,1.04303961666442,0,0,1,0
"CHCO12_CHCO12",4.6015901267019,0.183581717740563,0.876636044177007,0,0,1,0
"CHCO14_CHCO14",0.640829023147745,4.02092103057501,0.39866054295866,0,0,1,0
"CHCO15_CHCO15",2.09840279196249,0.352858935720825,1.07654506089071,0,0,1,0
"CHCO3_CHCO3",3.5841804724115,-0.779105989224658,2.05762424919638,0,0,1,0
"CHCO6_CHCO6",5.40313057307022,-0.0592620283485709,2.10250860900122,0,0,1,0
"CHKE1_CHKE1",3.92114076601487,-0.556628571325414,1.59357648572332,0,0,1,0
"CHLU1_CHLU1",3.91033751676858,1.0483538327357,1.88632217397299,0,0,1,0
"CHLU2_CHLU2",4.75709974316908,0.0632816938629949,1.44713829452338,0,0,1,0
"CHLU3_CHLU3",2.47221676242312,-0.19041102074913,1.69177703964631,0,0,1,0
"CHNE2_CHNE2",4.36114751830483,-0.0534014522079566,1.21301924505617,0,0,1,0
"CHNE3_CHNE3",3.88212623320039,-0.420430097920255,1.7828811059995,0,0,1,0
"CHNE4_CHNE4",5.25655937477388,-0.019528710097026,2.07700691299144,0,0,1,0
"CHNE5_CHNE5",4.36349730370905,-0.348294476254615,0.745503977326843,0,0,1,0
"CHNO1_CHNO1",4.9305217987421,0.394793717638491,0.958759340712478,0,0,1,0
"CHNO2_CHNO2",4.52530134312052,0.961457930560723,1.15457302799367,0,0,1,0
"CHPR2_CHPR2",4.77650762150791,1.23966343242067,0.991491661002181,0,0,1,0
"CHSOR1_CHSOR1",3.01028427793465,-1.19606809276438,0.297873453667971,0,0,1,0
"TH10_TH10",4.28446358068729,-0.671033157905457,1.14311714144323,0,0,1,0
"TH3_TH3",2.88803558692385,0.262924812847069,-0.434859815412499,0,0,1,0
"TH4_TH4",4.70969840581022,0.366892882717098,1.5867028482336,0,0,1,0
"TH5_TH5",4.2075811360165,1.10497372347631,0.80728252590725,0,0,1,0
"TH7_TH7",5.10670823689412,0.433569741576737,0.726273408234376,0,0,1,0
"TH9_TH9",4.49948885624256,0.698220049137658,2.11747221772293,0,0,1,0
"TL1_TL1",3.2787278384092,-1.32643190817976,1.2154168854242,0,0,1,0
"TL2_TL2",2.85173113079545,0.783249349029051,1.54391400148811,0,0,1,0
"TL3_TL3",3.83792244785093,0.624210465650576,1.10660461276609,0,0,1,0
"TL4_TL4",4.76831778399581,-1.18106131178914,0.625665163531593,0,0,1,0
"TL5_TL5",3.92860389508069,0.937042987656315,1.82749146940256,0,0,1,0
"TL6_TL6",4.89457954988698,-1.22358067854274,0.824633158192732,0,0,1,0
"TL7_TL7",5.5273635691024,-0.429738863498942,1.64365213862893,0,0,1,0
"TL8_TL8",4.35328834851375,1.0167556477031,1.48002228351647,0,0,1,0
"USSU11_USSU11",3.03344890193332,0.225909625959019,0.649910080915656,0,0,1,0
"USSU12_USSU12",6.07415943653521,0.0510418408880564,1.95724972787155,0,0,1,0
"USSU13_USSU13",4.10567430373403,0.331757339053117,3.06732103014494,0,0,1,0
"USSU4_USSU4",4.20110711624259,0.419494386973706,0.885222976616363,0,0,1,0
"USSU5_USSU5",5.29688367431183,-0.14799645928728,-0.1362661399781,0,0,1,0
"USSU7_USSU7",2.57494705371884,0.344099205595078,1.73014880103332,0,0,1,0
"alb_vanu18_02_alb_vanu18_02",-6.31261865460307,17.0077181782953,-0.319420582838481,1,0,0,0
"alb_vanu18_03_alb_vanu18_03",-7.38772225580995,16.5906662700959,-0.138810891664657,1,0,0,0
"alb_vanu18_05_alb_vanu18_05",-6.80031290194864,18.5983170986191,-0.869631005265781,1,0,0,0
"alb_vanu18_06_alb_vanu18_06",-5.65900829167345,16.8495308325475,0.527290939865466,1,0,0,0
"alb_vanu18_09_alb_vanu18_09",-5.07275066231109,14.4932056517172,-1.65445434690546,1,0,0,0
"alb_vanu18_11_alb_vanu18_11",-6.37259729917771,18.4268847648244,-0.587641580927065,1,0,0,0
"alb_vanu18_12_alb_vanu18_12",-6.4189726028171,17.5101575179439,0.652897995921572,1,0,0,0
"alb_vanu18_16_alb_vanu18_16",-6.41641771453329,15.7597607042203,-0.23244493377781,1,0,0,0
"A002_A002",-3.26204375147789,-1.09083133540689,-4.30972974547556,0,1,0,0
"A003_A003",-1.32635076376185,-0.648334369656425,-4.24308110766447,0,1,0,0
"A050_A050",-2.3587160507985,-1.32253051847741,-6.21702186055696,0,1,0,0
"A076_A076",-1.43716343072183,-2.03875781821722,-4.71746997056395,0,1,0,0
"A098_A098",-1.37545100707281,-2.02791220385083,-5.1797441368283,0,1,0,0
"A119_A119",-0.547431101876543,-0.51096645818494,-4.05731110872313,0,1,0,0
"A120_A120",-0.686182000895172,-1.27154847020604,-4.6122281312942,0,1,0,0
"A137_A137",-0.962774148494616,-0.855979039041934,-5.20641597142385,0,1,0,0
"A145_A145",0.643128214865883,-1.42158550378373,-4.4953228850123,0,1,0,0
"A146_A146",-1.1288322887775,-1.02969015976332,-4.98927487501221,0,1,0,0
"A177_A177",-0.154383251662312,0.262532683650225,-5.20273013500901,0,1,0,0
"A204_A204",-1.29958118303865,-1.22374679064091,-4.11824583851185,0,1,0,0
"A243_A243",-2.24693714639836,-0.251353473088586,-5.87490481422934,0,1,0,0
"A246_A246",-1.31359047771442,-2.18094031538096,-5.93328302964411,0,1,0,0
"CHN_alb_228_CHN_alb_228",-1.98881598409143,-1.04767358974918,-2.93270589067496,0,1,0,0
"CHN_alb_239_CHN_alb_239",-0.891473445877127,-1.20124434230111,-2.71791554000057,0,1,0,0
"HKG10_HKG10",-0.63540920309807,-1.61414552041402,-5.64724047163512,0,1,0,0
"HKG2_HKG2",-1.48405308571754,-2.34861206026522,-3.74699323649553,0,1,0,0
"HKG4_HKG4",-1.59436313476345,-0.246868166961883,-5.62340721719398,0,1,0,0
"HKG6_HKG6",-2.88608211510125,-2.8217975984468,-4.91494612637418,0,1,0,0
"HKG8_HKG8",-2.40744516925603,-2.45330610847759,-6.06786222845381,0,1,0,0
"HKG9_HKG9",-1.68078440335536,-1.39414825012259,-5.38244300082205,0,1,0,0
"HKI1_HKI1",-0.945285284188806,-1.11631859588254,-2.28674404864311,0,1,0,0
"HKI10_HKI10",-1.26957468791396,-1.92116511088655,-4.85398797540396,0,1,0,0
"HKI12_HKI12",-1.30441147766076,-3.60458117887933,-4.55746603490764,0,1,0,0
"HKI14_HKI14",-0.597732418803041,-3.07195758884345,-6.70335158731315,0,1,0,0
"HKI15_HKI15",-1.48300949013812,-1.24819627008282,-6.68988523641733,0,1,0,0
"HKI16_HKI16",-2.72357817586505,-0.750346870693502,-4.35890805189922,0,1,0,0
"HKI17_HKI17",-1.46669865365265,-1.35609097377705,-6.00666115784786,0,1,0,0
"HKI20_HKI20",-1.42765221305894,-4.17056436803699,-6.41295407528295,0,1,0,0
"HKI21_HKI21",-0.480038115510998,-0.334243467310032,-4.46229836758662,0,1,0,0
"HKI22_HKI22",-0.45781240351605,0.135550433753488,-5.61241798942076,0,1,0,0
"HKI24_HKI24",-0.992877212383413,-0.912956175517341,-6.66426592886844,0,1,0,0
"HKI25_HKI25",-1.34944864048463,0.250654126310327,-5.10660150465573,0,1,0,0
"HKI5_HKI5",-0.625388020999125,0.213883608947393,-3.20514650025178,0,1,0,0
"HKI6_HKI6",-1.22295305870853,-2.00944046754613,-3.89103499673241,0,1,0,0
"HKI7_HKI7",-0.774917742779059,-0.164233749965661,-4.08181257252167,0,1,0,0
"HKI8_HKI8",-1.65026681569483,-0.773046630197133,-4.34572027137133,0,1,0,0
"HKL1_HKL1",-1.5098891638172,-1.28190336448076,-4.48237107603602,0,1,0,0
"HKL2_HKL2",0.361071194548419,-0.09440291634452,-4.02149538652125,0,1,0,0
"HKL3_HKL3",-1.4375893965358,-0.397444698466421,-4.93123371482929,0,1,0,0
"HKL4_HKL4",-1.81781364134287,-1.75761159129031,-5.76190854137112,0,1,0,0
"HKL5_HKL5",-1.5658443033803,-0.870926103341666,-4.8436285109529,0,1,0,0
"HKN8_HKN8",-0.165071038737611,-1.9578046220374,-2.86533862294604,0,1,0,0
"HKS1_HKS1",-1.66945880725597,-2.64479151116058,-4.76699899236177,0,1,0,0
"HKS2_HKS2",-0.101821307753553,-2.23391113482036,-5.35153732324854,0,1,0,0
"HKS3_HKS3",-2.05570926910896,-1.89747052017491,-5.394634601611,0,1,0,0
"HKY1_HKY1",-0.169076666003548,-1.14885945716172,-1.16746266490064,0,0.992,0.008,0
"HKY3_HKY3",-1.2638299983321,-1.17660344783269,-4.05124777435847,0,1,0,0
"JAMA04_JAMA04",2.88192241076725,-1.16302596510474,1.40149546181861,0,0,1,0
"JAMA05_JAMA05",3.53281139010621,-0.198412651963223,-0.303566067781112,0,0,1,0
"JAMA11_JAMA11",2.72022598830879,-1.3093559875995,-0.0907342760800499,0,0,1,0
"JAMA25_JAMA25",3.323548595176,0.871560744606956,-0.50994595683047,0,0,1,0
"M1-RN-002_M1-RN-002",-7.81934639825112,-2.87011831153816,2.70946881303001,0,0,0,1
"M1-RN-010_M1-RN-010",-7.05649925029291,-3.46820295602316,1.84843640363283,0,0,0,1
"M1-RN-014_M1-RN-014",-6.72551512280699,-3.13674585871539,1.69434072430239,0,0,0,1
"M1-RN-015_M1-RN-015",-7.66330616145625,-3.62784940471802,1.03706474041926,0,0,0,1
"M1-RN-018_M1-RN-018",-7.31028587202732,-2.14726229241462,2.81435301011461,0,0,0,1
"M1-RN-024_M1-RN-024",-7.41460444982216,-2.87934615872191,2.09392038283229,0,0,0,1
"M1-RN-029_M1-RN-029",-5.53827976397448,-2.00376099791378,2.24817653894014,0,0,0,1
"M1-RN-033_M1-RN-033",-6.5636017386206,-1.62029347739873,2.11994325622172,0,0,0,1
"M1-RN-034_M1-RN-034",-7.78421751201031,-3.56889342685343,3.66853698405916,0,0,0,1
"M1-RN-036_M1-RN-036",-8.00316980900618,-2.90142686569236,2.55344799890517,0,0,0,1
"M1-RN-051_M1-RN-051",-7.8450778973016,-2.96660677198833,2.24540114903578,0,0,0,1
"M1-RN-054_M1-RN-054",-6.68700610779392,-1.82596882829017,2.04166416653468,0,0,0,1
"M1-RN-056_M1-RN-056",-7.14645544064798,-0.13980868330407,2.89389521992037,0,0,0,1
"M1-RN-059_M1-RN-059",-7.21049641244488,-3.75876974398456,3.12404455931194,0,0,0,1
"M1-RN-061_M1-RN-061",-7.97870293389151,-2.99650066152578,2.85510559817219,0,0,0,1
"M1-RN-063_M1-RN-063",-8.01294932741364,-2.5448746887603,3.11969477182211,0,0,0,1
"M1-RN-067_M1-RN-067",-7.86318894569366,-3.42174236478387,4.83265945619987,0,0,0,1
"M1-RN-073_M1-RN-073",-8.49854986445995,-2.13706838606348,2.10633114565275,0,0,0,1
"M1-RN-076_M1-RN-076",-7.80633277234172,-1.2829349191445,2.34757525080523,0,0,0,1
"M1-RN-078_M1-RN-078",-6.90754121353782,-2.65505248659081,3.05416939183044,0,0,0,1
"M1-RN-081_M1-RN-081",-8.50559770973253,-1.8895238931155,4.32504670998325,0,0,0,1
"M1-RN-084_M1-RN-084",-7.1570352960922,-3.55636828764154,4.29065262648887,0,0,0,1
"M1-RN-086_M1-RN-086",-8.92677957007352,-2.28472333071727,3.37894682377363,0,0,0,1
"M1-RN-088_M1-RN-088",-8.81295489398195,-4.12195311156462,3.19200419054309,0,0,0,1
"M1-RN-091_M1-RN-091",-7.34545626721923,0.152287954984155,2.96886260642512,0,0,0,1
"M1-RN-093_M1-RN-093",-7.8609600398978,-2.25873783018352,3.9898060181566,0,0,0,1
"M1-RN-095_M1-RN-095",-6.76616520873644,-3.81666657576092,1.72251369604036,0,0,0,1
"M1-RN-097_M1-RN-097",-8.62957855002938,-1.58101472667517,3.61434012334071,0,0,0,1
"M1-RN-098_M1-RN-098",-7.15746039579862,-4.20490121580714,3.70922243169099,0,0,0,1
"M1-RN-100_M1-RN-100",-7.7209206455165,-3.44623632543569,2.68954103321528,0,0,0,1
"M1-RN-102_M1-RN-102",-8.17823252942737,-1.1847296110376,2.09974582066238,0,0,0,1
"M1-RN-108_M1-RN-108",-8.55614090779251,-3.22579055478068,2.61044951615389,0,0,0,1
"M1-RN-112_M1-RN-112",-7.49108733375494,-1.94685387749597,3.19413405860054,0,0,0,1
"M1-RN-114_M1-RN-114",-7.30441833553818,-3.12249487878332,3.6992538328948,0,0,0,1
"M1-RN-116_M1-RN-116",-7.83796194708632,-3.34685366582993,1.82981165318629,0,0,0,1
"M1-RN-119_M1-RN-119",-6.82392299363205,-1.91145837958749,3.30874512197698,0,0,0,1
"M1-RN-122_M1-RN-122",-7.91765354947045,-2.13734755093641,3.04620891441017,0,0,0,1
"M1-RN-124_M1-RN-124",-9.28693484610823,-2.49218671528938,3.12077901587383,0,0,0,1
"M1-RN-129_M1-RN-129",-8.0331897073852,-4.93940832511068,2.54871321406147,0,0,0,1
"M1-RN-131_M1-RN-131",-7.6394707722522,-3.12808043893338,4.13133837318962,0,0,0,1
"M1-RN-133_M1-RN-133",-6.72090098272056,-3.55215591075315,3.05791001849174,0,0,0,1
"M1-RN-136_M1-RN-136",-8.6072082491214,-4.27106392754422,3.83278749003957,0,0,0,1
"M1-RN-137_M1-RN-137",-7.86820031026075,-1.84689261508442,2.01357036957078,0,0,0,1
"M1-RN-143_M1-RN-143",-8.71796658715519,-3.16599158768173,3.92008094657838,0,0,0,1
"M1-RN-144_M1-RN-144",-8.30705254824988,-3.63620896068145,2.72341313083299,0,0,0,1
"M1-RN-148_M1-RN-148",-6.62829365026698,-2.67383029797265,3.20323409048581,0,0,0,1
"M1-RN-149_M1-RN-149",-8.16659682508706,-2.16898309230858,3.00276698661333,0,0,0,1
"PH_05_PH_05",-2.54198897442204,-1.8060276952358,-3.77675532660224,0,1,0,0
"PH_06_PH_06",-1.49082805523726,-1.54458043787988,-5.29735520257403,0,1,0,0
"PH_08_PH_08",-0.387417973633894,-1.47239307783951,-7.73129724921872,0,1,0,0
"PH_11_PH_11",-1.13038724004531,-0.785974852199716,-5.45647123165986,0,1,0,0
"alb_sngp17_18_alb_sngp17_18",-8.39047751248578,-3.53884815244071,3.17472784435969,0,0,0,1
"alb_sngp17_19_alb_sngp17_19",-7.55907331277854,-2.10488888124243,1.9346908332321,0,0,0,1
"SRI_alb18_SRI_alb18",-8.67920416451014,-3.82641357046282,2.3222215307138,0,0,0,1
"SRI_alb24_SRI_alb24",-5.41479614058129,-2.07947580533945,1.2425686189866,0,0,0,1
"SRI_alb30_SRI_alb30",-8.56436900281099,-3.74747219258924,3.54074594822098,0,0,0,1
"SRI_alb33_SRI_alb33",-7.09398927805411,-1.11536215625191,2.50324032622408,0,0,0,1
"TW02_1_TW02_1",-1.17257852163936,-1.98324795368238,-5.52746205130376,0,1,0,0
"TW02_2_TW02_2",-1.22953078270875,-0.874003070433564,-5.10257885765111,0,1,0,0
"TW02_3_TW02_3",-1.25624110365631,-0.693380394359726,-6.41475992805857,0,1,0,0
"TW04_2_TW04_2",-0.354853501371872,-0.716984677308006,-4.64150675057212,0,1,0,0
"TW05_2_TW05_2",-0.0851957940379138,-2.72194175372479,-4.3128101192682,0,1,0,0
"TW06_1_TW06_1",-0.089844158375087,-0.627113532337596,-1.79855641961579,0,0.999,0.001,0
"TW06_2_TW06_2",-1.67265893924482,-1.31652970674694,-5.12251325145296,0,1,0,0
"TW11_1_TW11_1",-2.14092936959438,-0.347419146213773,-6.78846707215877,0,1,0,0
"TW11_2_TW11_2",-1.45631664538593,-2.65965701594541,-4.32275647340607,0,1,0,0
"TW12_1_TW12_1",-1.72317094730321,-1.1920067907252,-4.93854099847801,0,1,0,0
"TW12_2_TW12_2",-0.39778642628527,-1.885362311907,-5.58919529073444,0,1,0,0
"TW14_1_TW14_1",-1.06908104115075,-2.37695518538258,-6.51467366473836,0,1,0,0
"TW14_2_TW14_2",-1.51054814650182,-1.67931211290101,-5.73854457191427,0,1,0,0
"TW15_1_TW15_1",-0.957554252976004,-1.77500780473795,-4.24463511269937,0,1,0,0
"TW15_2_TW15_2",-0.777166567929267,-1.28544187718487,-3.94885399800298,0,1,0,0
"THNO2_THNO2",-4.45766775561665,-2.39689534192276,1.88056095208488,0,0,0,1
"vt18_03_vt18_03",-2.90923266973647,-1.54366639436113,-5.20164939620829,0,1,0,0
"vt18_04_vt18_04",-2.13290191460422,-1.08688056310812,-2.46015270041972,0,1,0,0
"vt18_05_vt18_05",-3.5728982892772,-2.47706246888499,-4.27029725704117,0,1,0,0
"vt18_06_vt18_06",-4.69830876498556,-3.09894870645251,-0.00818191526516432,0,0,0,1
"vt18_10_vt18_10",-3.12192991817981,-1.1770877789259,-1.92534457951044,0,1,0,0
"vt18_11_vt18_11",-3.71665637356957,-1.81153186894504,-0.894377306202229,0,0.98,0,0.02
"vt18_12_vt18_12",-3.45583712547436,-0.695626546681407,-1.36151621227088,0,1,0,0
"vt18_13_vt18_13",-7.10960004331865,-1.21796801504381,1.3038223029703,0,0,0,1
"vt18_14_vt18_14",-6.71844880120412,-2.77928712566759,-0.0918950943220439,0,0,0,1
